Year,Game_ID,Period,L_FGA,L_FTA,L_TOV,T_FGA,T_FTA,T_TOV,Timeouts
2006,40500131,1,8,5,1,24,7,2,"412,579"
2006,40500131,2,6,0,1,20,2,4,"150,265,565"
2006,40500131,3,4,3,0,18,6,2,"265,584"
2006,40500131,4,9,3,2,25,7,2,"198,386,490,630"
2006,40500132,1,5,7,4,18,7,6,"260,630"
2006,40500132,2,6,1,0,25,1,1,"79,386,521"
2006,40500132,3,4,1,4,22,9,5,"178,419"
2006,40500132,4,10,6,2,18,12,4,"193,373,595,667,695,700"
2006,40500133,1,5,1,2,20,6,7,"381,480,549,620"
2006,40500133,2,10,3,0,24,5,1,"240,371,592"
2006,40500133,3,4,2,1,18,10,3,"450,550"
2006,40500133,4,9,3,1,23,6,1,"181,386,504,560,670,679,697,715"
2006,40500134,1,8,2,2,16,6,7,"370,599"
2006,40500134,2,6,0,2,18,9,5,"287,427,583"
2006,40500134,3,3,0,0,19,0,3,"397,558"
2006,40500134,4,6,5,3,15,10,7,"178,362,549,691,695,697"
2006,40500135,1,4,4,0,15,14,1,"379,581"
2006,40500135,2,6,7,2,13,11,6,"188,462,574,714"
2006,40500135,3,2,0,0,24,8,1,"176,478"
2006,40500135,4,10,3,2,23,3,3,"192,252,462,588,642,685,713"
2006,40500135,5,1,4,0,6,7,1,"76,165,243,270,275,297"
2006,40500136,1,10,0,1,20,4,4,"368,550"
2006,40500136,2,5,0,0,21,5,0,"186,371,563,716"
2006,40500136,3,5,0,1,24,4,3,"159,542"
2006,40500136,4,3,2,2,15,12,5,"124,263,387,635,697,706,710,719"
2006,40500136,5,2,1,1,5,1,2,"180,258,284,286"
2006,40500201,1,8,0,2,23,0,5,"230,551"
2006,40500201,2,6,2,0,17,8,1,"264,377,496,693"
2006,40500201,3,4,0,2,20,1,2,"300,554"
2006,40500201,4,0,0,0,22,9,2,"190,385,584"
2006,40500202,1,6,0,0,20,0,2,"372,559,676"
2006,40500202,2,4,2,1,18,10,4,"61,265,417,708"
2006,40500202,3,8,1,1,23,2,4,"375,598"
2006,40500202,4,5,5,1,18,10,2,"189,285,449,647,710"
2006,40500203,1,4,0,1,18,0,3,"362,627"
2006,40500203,2,3,0,2,18,5,5,"153,245,470,547"
2006,40500203,3,3,0,0,17,2,2,"372,533"
2006,40500203,4,8,2,1,15,9,3,"203,278,559,680,684,700"
2006,40500204,1,5,4,4,15,6,7,"394,550"
2006,40500204,2,6,0,1,19,0,5,"158,222,427,558"
2006,40500204,3,3,0,1,17,3,4,"362,581"
2006,40500204,4,9,6,2,17,8,2,"167,382,520,620,658,679,691,712,718"
2006,40500205,1,7,2,0,21,7,1,"433,547"
2006,40500205,2,10,3,0,26,5,1,"191,439,591,705"
2006,40500205,3,5,0,0,14,5,5,"226,466"
2006,40500205,4,8,2,2,20,9,5,"213,379,558,593,681,693,719"
2006,40500206,1,4,2,1,20,4,4,"234,561"
2006,40500206,2,4,2,2,20,2,4,"193,381,611,707,717"
2006,40500206,3,10,2,0,19,2,0,"200,369,555"
2006,40500206,4,2,12,4,8,16,5,"189,387,418,525,719"
2006,40500207,1,6,1,1,19,5,3,"403,571"
2006,40500207,2,9,2,0,20,7,2,"196,356,536,690,714"
2006,40500207,3,3,2,1,13,8,4,"361,555"
2006,40500207,4,6,3,1,13,7,3,"208,438,497"
2007,40600111,1,4,1,0,22,5,0,"198,563"
2007,40600111,2,4,0,0,19,9,2,"243,373,565,710"
2007,40600111,3,2,8,0,17,13,5,"237,441"
2007,40600111,4,4,2,1,14,12,4,"198,372,593,673"
2007,40600112,1,6,1,1,26,3,4,"371,547"
2007,40600112,2,2,2,1,17,6,3,"189,364,524,550"
2007,40600112,3,5,4,0,20,5,3,"30,144,331"
2007,40600112,4,9,6,0,21,19,4,"117,201,602,664,665,681"
2007,40600113,1,8,1,1,24,3,4,"416,557"
2007,40600113,2,5,2,0,23,7,2,"188,365,420,542"
2007,40600113,3,6,0,1,17,2,3,"217,551"
2007,40600113,4,3,4,0,12,6,5,"214,295,365,409,555,683,695"
2007,40600114,1,5,4,1,19,6,4,"437,586"
2007,40600114,2,5,6,0,21,10,1,"94,199,545,700"
2007,40600114,3,7,5,1,16,7,4,"184,508"
2007,40600114,4,5,2,0,19,8,1,"195,383,478,618,661,687"
2007,40600211,1,6,0,1,24,2,3,"381,570"
2007,40600211,2,4,0,2,26,0,5,"213,342,558"
2007,40600211,3,5,2,0,18,4,5,"488,569"
2007,40600211,4,6,4,0,19,5,3,"191,312,546,685,688,701"
2007,40600212,1,5,0,1,18,7,1,"389,434"
2007,40600212,2,5,3,0,28,3,2,"103,257,388,585,710"
2007,40600212,3,7,6,0,21,7,3,"109,555"
2007,40600212,4,7,4,1,18,16,2,"257,381,603,675,686"
2007,40600213,1,6,2,1,18,8,3,"289,561"
2007,40600213,2,3,2,0,17,9,2,"234,405,568"
2007,40600213,3,3,2,0,17,4,4,"113,540"
2007,40600213,4,4,1,1,18,5,3,"134,390,541"
2007,40600214,1,1,2,0,18,6,5,"373,559"
2007,40600214,2,6,5,1,17,9,1,"113,190,290,561"
2007,40600214,3,4,2,1,16,10,4,"316,498"
2007,40600214,4,5,6,1,14,12,2,"250,401,594,663,697,709,710,719"
2007,40600215,1,2,2,2,16,4,5,"372,510,542"
2007,40600215,2,3,1,2,20,6,5,"90,365,650"
2007,40600215,3,3,4,0,19,10,3,"148,479"
2007,40600215,4,6,4,1,17,9,5,"201,396,548,594"
2007,40600216,1,8,9,0,18,13,1,"362,542,566"
2007,40600216,2,4,0,1,19,3,6,"160,395,542"
2007,40600216,3,1,0,0,19,0,4,"310,427,552"
2007,40600216,4,7,0,1,20,2,1,"187,256,396,503,598"
2007,40600301,1,2,0,0,24,11,0,"327,495,607"
2007,40600301,2,5,0,2,23,2,4,"187,337,542"
2007,40600301,3,5,0,0,19,0,3,"91,561"
2007,40600301,4,3,0,0,20,4,0,"223,318,375,505,570,684,708,718"
2007,40600302,1,7,2,1,20,4,3,"299,394,611"
2007,40600302,2,4,3,1,22,5,1,"89,461,558,714"
2007,40600302,3,1,0,3,15,2,5,"265,360,560"
2007,40600302,4,7,2,1,18,4,6,"229,296,423,569,688,696"
2007,40600303,1,5,2,1,16,6,5,"175,459"
2007,40600303,2,7,4,0,18,4,0,"186,390,565"
2007,40600303,3,1,2,2,13,6,5,"409,590"
2007,40600303,4,8,1,0,20,5,1,"186,340,567,634,689,704,714"
2007,40600304,1,5,0,0,20,4,1,"433,586"
2007,40600304,2,2,4,2,14,13,5,"190,377,463,704"
2007,40600304,3,6,0,1,17,6,4,"176,549"
2007,40600304,4,6,5,0,17,10,2,"207,353,521,572,630,658,683,716"
2007,40600305,1,4,2,1,15,8,3,"365,555"
2007,40600305,2,9,1,0,18,12,3,"214,297,577"
2007,40600305,3,6,2,0,18,4,2,"145,499"
2007,40600305,4,6,3,1,17,9,3,"197,392,493,551,666,698,711"
2007,40600305,5,4,6,0,5,6,1,"203,215,267,270,294"
2007,40600305,6,4,0,0,9,0,0,"205,289,298"
2007,40600306,1,1,3,0,16,9,4,"466,562"
2007,40600306,2,1,8,0,18,16,6,"213,372,491,551,710"
2007,40600306,3,3,1,2,19,8,5,"381,580"
2007,40600306,4,6,7,1,19,13,2,"76,229,311,481"
2007,40600401,1,4,2,1,18,2,4,"368,574"
2007,40600401,2,3,2,1,18,7,1,"203,356,439,693,706"
2007,40600401,3,5,0,3,16,2,4,"364,519,673"
2007,40600401,4,4,0,1,18,4,2,"204,364,573"
2007,40600402,1,2,2,0,23,4,3,"267,490"
2007,40600402,2,9,7,1,18,14,2,"182,383,554"
2007,40600402,3,3,0,3,18,9,4,"270,408"
2007,40600402,4,7,2,2,22,2,2,"122,276,427"
2007,40600403,1,5,0,3,21,4,4,"416,545"
2007,40600403,2,3,4,1,17,5,4,"97,396,499,590,694"
2007,40600403,3,5,0,0,22,0,2,"82,468"
2007,40600403,4,10,4,1,19,6,2,"80,324,376,574,710,715"
2007,40600404,1,7,2,0,22,2,1,"346,528"
2007,40600404,2,6,2,2,20,2,5,"209,355,574,715"
2007,40600404,3,7,0,1,22,5,1,"217,422,556"
2007,40600404,4,10,2,3,20,7,3,"127,370,571,690,713"
2008,40700131,1,4,6,0,20,10,1,"415,552,650"
2008,40700131,2,5,0,0,22,5,2,"101,370,581"
2008,40700131,3,6,4,1,16,10,4,"366,524,615"
2008,40700131,4,4,4,0,18,12,1,"141,418,562,582,665,684,700"
2008,40700132,1,4,7,0,20,10,2,"384,603"
2008,40700132,2,3,2,1,19,6,4,"193,386,561"
2008,40700132,3,8,8,0,20,13,3,"407,541"
2008,40700132,4,4,0,0,22,4,1,"194,348,563"
2008,40700133,1,8,1,3,21,1,6,"363,552"
2008,40700133,2,3,0,0,15,7,9,"152,292,586"
2008,40700133,3,5,3,1,18,9,3,"302,491,566"
2008,40700133,4,3,0,0,19,6,5,"189,366,542"
2008,40700134,1,8,0,1,20,6,4,"386,557"
2008,40700134,2,7,7,1,21,11,7,"177,386,557"
2008,40700134,3,7,1,2,21,8,4,"380,618"
2008,40700134,4,3,6,1,16,8,3,"242,413,574,663,715"
2008,40700135,1,4,6,1,16,7,4,"182,601"
2008,40700135,2,4,0,2,19,6,4,"235,362,550"
2008,40700135,3,7,4,0,20,6,3,"331,558"
2008,40700135,4,6,8,2,20,13,2,"213,272,515,613,623,709,717"
2008,40700136,1,2,0,0,24,2,1,"381,602"
2008,40700136,2,4,1,1,19,3,2,"200,402,565"
2008,40700136,3,3,6,0,19,7,1,"132,513"
2008,40700136,4,8,3,0,19,5,2,"186,286,426,525"
2008,40700201,1,4,4,3,19,8,4,"425,562"
2008,40700201,2,2,6,1,19,10,3,"188,329,480,557,696"
2008,40700201,3,4,0,5,15,7,6,"293,519"
2008,40700201,4,8,0,1,22,1,4,"246,449,542,610,630,699,712"
2008,40700202,1,8,2,2,21,3,2,"488,551"
2008,40700202,2,5,6,1,17,10,4,"247,364,563,676"
2008,40700202,3,6,1,1,18,2,5,"69,366"
2008,40700202,4,5,4,3,17,12,4,"183,365,547"
2008,40700203,1,5,0,0,20,3,0,"369,552"
2008,40700203,2,1,4,2,9,9,6,"203,395,562,693"
2008,40700203,3,7,2,0,25,4,2,"312,595,647"
2008,40700203,4,3,6,0,15,17,2,"126,377,584"
2008,40700204,1,7,4,1,19,6,2,"401,542"
2008,40700204,2,3,2,1,20,8,2,"189,370,550,695,713"
2008,40700204,3,2,0,2,18,2,3,"368,574"
2008,40700204,4,8,2,0,20,2,0,"181,274,471,527,615"
2008,40700205,1,8,1,2,18,4,4,"365,524"
2008,40700205,2,6,6,0,16,10,4,"167,329,627,700"
2008,40700205,3,4,0,1,18,8,3,"453,541"
2008,40700205,4,7,6,1,13,19,1,"270,343,530,675,705,709"
2008,40700206,1,6,3,3,22,3,6,"363,541"
2008,40700206,2,3,8,2,15,15,2,"178,361,510,714"
2008,40700206,3,6,4,0,19,5,2,"76,377,496,545"
2008,40700206,4,8,0,3,17,2,4,"208,310,474,704,706"
2008,40700207,1,7,4,1,18,4,3,"262,541"
2008,40700207,2,8,7,1,18,11,5,"174,377,490,697"
2008,40700207,3,5,3,0,15,11,4,"237,399"
2008,40700207,4,9,5,0,16,9,2,"211,419,521,580,639,662,702,713"
2009,40800101,1,8,0,0,20,6,1,"379,598"
2009,40800101,2,2,6,0,16,6,2,"280,405,560"
2009,40800101,3,5,6,0,17,8,1,"424,542"
2009,40800101,4,5,2,0,17,7,0,"192,372,547,642"
2009,40800102,1,4,2,0,20,2,3,"243,571"
2009,40800102,2,1,7,1,19,10,4,"201,385,456"
2009,40800102,3,5,6,0,17,14,1,"387,517,606"
2009,40800102,4,4,2,1,10,17,6,"182,380,548"
2009,40800103,1,4,2,0,15,2,7,"392,561"
2009,40800103,2,3,5,0,16,14,3,"213,406,566"
2009,40800103,3,6,0,2,18,7,3,"375,574"
2009,40800103,4,6,4,0,19,7,1,"169,366,419,578"
2009,40800104,1,7,2,1,17,4,4,"375,552"
2009,40800104,2,5,6,0,19,8,4,"181,380,583,703"
2009,40800104,3,4,4,1,17,5,1,"380,576"
2009,40800104,4,8,5,0,21,7,0,"231,421,593"
2009,40800201,1,6,6,2,17,8,2,"366,597"
2009,40800201,2,6,2,0,20,8,2,"156,372,500,645"
2009,40800201,3,8,1,1,23,4,3,"169,519"
2009,40800201,4,0,0,0,19,4,0,"134,392,523"
2009,40800202,1,4,6,0,21,8,3,"372,600,668"
2009,40800202,2,3,4,0,18,7,3,"146,367,543"
2009,40800202,3,7,2,0,18,5,5,"385,397,508,613"
2009,40800202,4,0,0,0,14,10,6,"199,358,541,570"
2009,40800203,1,7,2,0,17,6,3,"362,588"
2009,40800203,2,5,2,0,18,6,2,"131,417,561,716"
2009,40800203,3,7,6,1,17,8,2,"168,248,462"
2009,40800203,4,6,6,0,17,9,4,"148,258,375,531"
2009,40800204,1,8,0,3,17,2,6,"393,544"
2009,40800204,2,2,4,0,18,11,5,"37,275,576"
2009,40800204,3,5,4,0,19,8,1,"237,453,645"
2009,40800204,4,7,1,0,16,5,3,"186,336,565,572,668"
2009,40800301,1,8,0,0,28,3,0,"138,425,664"
2009,40800301,2,8,3,0,23,5,0,"202,368,485,537"
2009,40800301,3,8,4,1,15,6,4,"473,648"
2009,40800301,4,6,3,1,22,3,1,"122,386,553,680,695,706"
2009,40800302,1,4,4,1,20,8,2,"302,582"
2009,40800302,2,3,4,1,17,10,2,"189,293,529,703"
2009,40800302,3,10,2,1,23,4,3,"344,461,578"
2009,40800302,4,6,2,3,17,4,5,"189,352,555,690,707,719"
2009,40800303,1,8,2,0,17,2,6,"364,552"
2009,40800303,2,6,6,0,20,10,3,"114,376,542,718"
2009,40800303,3,6,4,1,20,7,4,"221,550"
2009,40800303,4,8,12,1,21,16,2,"221,392,557,702"
2009,40800304,1,7,0,1,23,6,2,"393,627"
2009,40800304,2,6,5,0,21,9,2,"216,365,547"
2009,40800304,3,4,3,0,20,6,1,"131,246"
2009,40800304,4,5,8,4,15,9,4,"235,425,545,714,716,720"
2009,40800304,5,7,2,3,8,6,3,"228,279,284,294"
2009,40800305,1,4,5,0,21,5,3,"183,572"
2009,40800305,2,6,4,2,16,8,5,"120,382,475,665"
2009,40800305,3,3,4,2,18,8,4,"75,602"
2009,40800305,4,11,6,0,21,13,0,"134,197,507,653,658,689"
2009,40800306,1,7,2,1,20,4,2,"374,521"
2009,40800306,2,3,2,1,20,5,3,"187,370,460"
2009,40800306,3,6,3,0,21,4,3,"56,558"
2009,40800306,4,4,4,1,18,9,2,"141,396,611"
2010,40900101,1,6,1,1,27,2,5,"344,577"
2010,40900101,2,4,4,0,18,9,5,"242,369,546"
2010,40900101,3,5,1,1,20,1,6,"151,484"
2010,40900101,4,4,1,1,19,5,2,"208,416,551,632,646"
2010,40900102,1,6,2,2,19,5,4,"327,544"
2010,40900102,2,6,0,0,17,2,3,"207,412,661,717"
2010,40900102,3,4,0,0,17,10,3,"371,543"
2010,40900102,4,7,4,0,18,7,1,"206,391,504,687"
2010,40900103,1,10,2,1,21,4,4,"370,543"
2010,40900103,2,5,2,1,22,2,1,"210,358,595,698"
2010,40900103,3,4,7,0,15,15,3,"215,424"
2010,40900103,4,7,2,3,24,10,5,"184,402,588,682,710,714,717"
2010,40900104,1,4,1,1,20,6,2,"375,541"
2010,40900104,2,4,5,0,23,15,2,"196,427,547"
2010,40900104,3,5,4,1,18,11,3,"40,287,678"
2010,40900104,4,4,0,0,18,2,4,"216,422,585"
2010,40900105,1,2,2,1,15,8,4,"479,550"
2010,40900105,2,1,2,0,24,5,1,"194,355,546,692"
2010,40900105,3,5,4,1,21,4,3,"373,542"
2010,40900105,4,4,6,1,13,11,5,"184,403,511,649,683,703,713"
2010,40900201,1,5,6,0,20,10,3,"369,585"
2010,40900201,2,5,1,1,18,7,4,"208,383,561"
2010,40900201,3,3,2,1,20,10,1,"368,434"
2010,40900201,4,11,2,0,20,4,2,"194,418,540,658,698"
2010,40900202,1,4,2,1,24,3,3,"407,570"
2010,40900202,2,1,4,0,14,15,4,"101,198,550,635"
2010,40900202,3,4,0,3,16,5,5,"257,561"
2010,40900202,4,6,9,1,16,15,3,"208,277,353,375,512,646"
2010,40900203,1,10,5,1,18,13,5,"376,600"
2010,40900203,2,5,0,0,21,4,2,"310,493,585,682,714"
2010,40900203,3,5,0,0,20,3,2,"448,549"
2010,40900203,4,2,4,0,15,14,3,"47,128,379,578"
2010,40900204,1,5,5,1,19,10,3,"139,366,551"
2010,40900204,2,3,5,2,17,14,3,"211,303,542"
2010,40900204,3,3,0,3,14,7,6,"385,546"
2010,40900204,4,7,1,1,17,8,5,"132,184,345,547,626,703"
2010,40900205,1,2,0,0,22,4,4,"408,601"
2010,40900205,2,2,10,0,13,14,5,"136,392,478,611,646"
2010,40900205,3,7,0,2,18,3,4,"366,538"
2010,40900205,4,3,2,1,15,13,4,"224,370,550"
2010,40900206,1,8,4,3,20,7,5,"287,531"
2010,40900206,2,4,1,1,20,12,7,"78,406,552"
2010,40900206,3,4,5,3,16,9,5,"220,509,634"
2010,40900206,4,5,2,2,17,6,5,"146,245,370,624"
2011,41000111,1,2,3,0,22,3,2,"321,544"
2011,41000111,2,8,5,0,21,15,2,"185,414,503"
2011,41000111,3,0,4,1,17,6,3,"332,514,614"
2011,41000111,4,4,2,1,14,15,6,"213,351,482,687"
2011,41000112,1,4,2,0,20,6,3,"357,525"
2011,41000112,2,4,4,0,18,8,2,"181,419,579"
2011,41000112,3,7,4,0,18,8,1,"370,557"
2011,41000112,4,4,0,0,16,7,4,"185,303,528,564"
2011,41000113,1,4,1,0,23,5,3,"130,565"
2011,41000113,2,1,5,1,13,11,6,"225,373,565,720"
2011,41000113,3,4,4,0,22,8,2,"76,246,447"
2011,41000113,4,6,0,0,21,6,1,"201,316,500,662,717"
2011,41000114,1,2,0,0,22,2,1,"302,508,600"
2011,41000114,2,8,1,0,19,3,2,"187,349,429,547"
2011,41000114,3,2,5,0,17,11,2,"396,551"
2011,41000114,4,8,5,1,20,5,3,"140,326,585,712,718"
2011,41000115,1,2,1,2,22,3,4,"267,480"
2011,41000115,2,4,0,1,23,4,3,"184,345,548,698"
2011,41000115,3,6,0,0,18,2,2,"316,477"
2011,41000115,4,1,4,0,17,16,1,"182,416,525,656,704,711"
2011,41000211,1,3,6,1,19,9,3,"362,535"
2011,41000211,2,3,0,0,15,3,4,"156,263,558,603"
2011,41000211,3,7,3,2,15,9,5,"197,353"
2011,41000211,4,6,0,0,19,11,4,"211,363,462,537,619,671"
2011,41000212,1,9,1,0,23,6,1,"415,528"
2011,41000212,2,3,1,0,19,6,2,"183,378,545,689,714"
2011,41000212,3,6,0,0,18,6,4,"367,545"
2011,41000212,4,7,6,0,15,18,3,"259,338,374,444,552,669"
2011,41000213,1,5,2,0,18,4,5,"307,559"
2011,41000213,2,2,0,0,18,6,2,"183,408,570,699,716"
2011,41000213,3,3,4,4,17,6,5,"250,298,474"
2011,41000213,4,6,1,0,20,3,2,"147,264,418"
2011,41000214,1,7,5,1,21,7,3,"393,579"
2011,41000214,2,7,0,0,18,5,6,"190,370,403,586"
2011,41000214,3,3,0,1,17,2,4,"423,472,548"
2011,41000214,4,8,4,3,16,8,3,"191,425,541,672,701"
2011,41000214,5,3,0,0,7,6,1,"79,180,216"
2011,41000215,1,4,2,2,16,11,4,"388,542"
2011,41000215,2,4,4,1,20,12,1,"170,307,608,681"
2011,41000215,3,5,0,2,15,6,3,"410,529"
2011,41000215,4,7,3,0,18,9,1,"128,194,497,590,680"
2011,41000301,1,5,2,2,20,5,4,"365,527"
2011,41000301,2,3,2,1,20,5,4,"207,417,550,702"
2011,41000301,3,4,0,1,15,0,4,"165,405"
2011,41000301,4,3,0,0,13,5,4,"181,385,468"
2011,41000302,1,6,0,2,18,4,6,"393,564"
2011,41000302,2,3,2,1,15,10,3,"144,342,443,595,700"
2011,41000302,3,5,5,1,20,6,2,"230,482,542"
2011,41000302,4,7,0,1,15,4,4,"187,323,444,526,673"
2011,41000303,1,4,3,0,17,7,4,"415,608"
2011,41000303,2,1,2,0,15,8,2,"246,395,553"
2011,41000303,3,3,0,0,19,4,2,"380,484"
2011,41000303,4,5,4,0,16,10,2,"122,381,413,552,679"
2011,41000304,1,8,6,2,18,10,4,"392,589"
2011,41000304,2,3,0,2,18,11,3,"185,385,522"
2011,41000304,3,6,2,0,16,4,4,"223,576,680"
2011,41000304,4,6,3,1,15,7,3,"123,295,547,646,697,712"
2011,41000304,5,3,2,0,8,6,1,"134,204,239,294"
2011,41000305,1,5,0,1,18,7,3,"353,527"
2011,41000305,2,6,0,0,17,6,5,"206,296,545,710"
2011,41000305,3,2,5,1,15,10,5,"366,503"
2011,41000305,4,6,6,2,16,10,2,"118,281,487,596,659,691,695"
2011,41000401,1,6,1,0,21,5,2,"390,596"
2011,41000401,2,2,0,0,20,6,4,"217,375,523,715"
2011,41000401,3,4,0,1,20,7,3,"117,542,651"
2011,41000401,4,4,1,0,19,8,1,"197,324,445,534,624,652"
2011,41000402,1,5,0,3,21,0,3,"367,521,606"
2011,41000402,2,2,1,0,17,11,3,"151,328,543"
2011,41000402,3,4,1,1,17,7,2,"144,496,562"
2011,41000402,4,4,2,1,18,6,4,"164,286,375,529,663,694,696"
2011,41000403,1,4,2,0,23,3,1,"274,575"
2011,41000403,2,2,2,2,18,6,5,"193,358,515,549"
2011,41000403,3,5,0,0,21,4,1,"91,271,444,587"
2011,41000403,4,3,0,2,16,2,3,"192,282,424,663,681,716"
2011,41000404,1,3,2,1,24,9,3,"369,599"
2011,41000404,2,1,0,1,18,1,4,"111,310,483,596,665"
2011,41000404,3,6,2,0,18,10,0,"371,488,600"
2011,41000404,4,1,0,2,15,4,6,"109,158,444,691,706,711,714"
2011,41000405,1,4,0,2,20,6,4,"288,542"
2011,41000405,2,6,2,0,19,8,3,"188,324,446,706"
2011,41000405,3,5,0,1,15,4,5,"361,494"
2011,41000405,4,4,0,1,16,8,4,"145,312,404,634,687,695"
2011,41000406,1,7,0,2,22,4,4,"254,470"
2011,41000406,2,2,2,1,16,10,4,"138,210,335,577"
2011,41000406,3,1,2,2,15,12,3,"185,534"
2011,41000406,4,5,0,1,19,7,5,"150,228,388,573,702"
2012,41100111,1,4,6,1,14,8,5,"360,558"
2012,41100111,2,3,8,0,16,20,1,"199,373,483"
2012,41100111,3,7,0,1,21,3,6,"294,356,600"
2012,41100111,4,0,0,0,19,2,2,"181,291,605"
2012,41100112,1,4,1,0,20,2,2,"342,547"
2012,41100112,2,5,1,0,16,12,3,"146,352,519,591"
2012,41100112,3,6,5,1,17,9,2,"358,504"
2012,41100112,4,3,0,1,20,4,1,"238,372,587"
2012,41100113,1,6,2,1,21,3,2,"302,377,558"
2012,41100113,2,1,7,3,12,8,7,"187,386,520,717"
2012,41100113,3,2,1,3,16,6,4,"156,384,499,618"
2012,41100113,4,12,3,1,19,5,4,"195,353,560"
2012,41100114,1,5,0,1,21,0,4,"429,558"
2012,41100114,2,9,3,0,18,19,3,"159,302,368,554"
2012,41100114,3,4,0,2,16,8,4,"335,405"
2012,41100114,4,3,5,2,18,8,3,"208,363,513,558,637,666,680,707"
2012,41100115,1,2,8,2,20,8,5,"293,543,718"
2012,41100115,2,4,0,1,23,4,1,"187,394,541"
2012,41100115,3,6,1,0,19,10,1,"338,492"
2012,41100115,4,4,6,1,16,12,3,"224,358,524"
2012,41100201,1,7,2,0,21,5,5,"278,530"
2012,41100201,2,2,0,0,20,11,3,"219,371,571,677"
2012,41100201,3,7,2,0,23,10,1,"214,552"
2012,41100201,4,10,6,1,17,12,3,"194,340,541,655,689"
2012,41100202,1,6,2,2,19,6,5,"387,546"
2012,41100202,2,5,0,0,19,2,2,"226,384,492,607,680"
2012,41100202,3,5,3,0,17,11,4,"351,541"
2012,41100202,4,6,8,0,23,10,1,"204,372,522,667,688,712"
2012,41100203,1,8,0,2,21,2,3,"236,437,649"
2012,41100203,2,5,2,2,20,8,6,"194,438,555"
2012,41100203,3,5,1,0,17,4,4,"286,420,489,628"
2012,41100203,4,4,0,0,20,4,1,"204,372,412,648"
2012,41100204,1,9,2,1,18,2,6,"213,540,716"
2012,41100204,2,5,2,1,20,7,3,"191,399,506"
2012,41100204,3,7,8,2,18,13,4,"306,542"
2012,41100204,4,6,4,1,24,6,2,"143,448,555,704,709"
2012,41100205,1,6,0,2,18,2,6,"268,421,494"
2012,41100205,2,5,0,0,18,9,2,"185,369,552"
2012,41100205,3,7,4,2,15,10,4,"253,385,509,597"
2012,41100205,4,1,0,0,19,8,1,"190,365,528"
2012,41100206,1,8,2,0,18,6,1,"210,496"
2012,41100206,2,4,0,0,21,4,4,"183,383,645"
2012,41100206,3,6,1,0,21,4,2,"22,488"
2012,41100206,4,5,2,1,16,6,2,"167,363,572,623"
2012,41100301,1,9,2,1,19,5,3,"382,542"
2012,41100301,2,3,2,0,15,9,4,"119,228,542,704"
2012,41100301,3,7,3,2,18,5,3,"335,545"
2012,41100301,4,3,2,0,20,4,2,"107,217,619"
2012,41100302,1,6,4,0,22,6,1,"368,618"
2012,41100302,2,3,4,1,19,8,3,"93,318,560,635"
2012,41100302,3,6,4,0,20,12,1,"383,517"
2012,41100302,4,4,8,0,14,11,3,"206,302,545,624,652,673,686"
2012,41100302,5,1,4,0,8,10,0,"213,241,298"
2012,41100303,1,12,4,0,18,9,3,"372,595"
2012,41100303,2,4,0,0,18,4,3,"182,256,404,506"
2012,41100303,3,6,1,2,21,5,3,"226,558"
2012,41100303,4,4,0,1,20,2,1,"189,403,544,621,664"
2012,41100304,1,10,0,2,22,0,4,"296,434"
2012,41100304,2,3,2,2,18,7,6,"97,368,532,562,680"
2012,41100304,3,5,4,1,17,6,2,"235,536"
2012,41100304,4,5,2,1,15,11,4,"186,337,533,659,699"
2012,41100304,5,2,0,1,8,0,1,"202,279,286"
2012,41100305,1,5,2,2,19,3,7,"378,547"
2012,41100305,2,7,2,1,22,7,4,"250,391,598,683"
2012,41100305,3,7,2,0,20,7,2,"335,599"
2012,41100305,4,6,2,0,21,8,2,"174,404,546,668,705,707,711,712"
2012,41100306,1,7,1,2,19,1,3,"391,572"
2012,41100306,2,7,8,0,20,12,2,"145,216,542,663"
2012,41100306,3,8,0,1,18,3,5,"204,591"
2012,41100306,4,4,0,1,19,6,2,"102,257,374,529"
2012,41100307,1,3,6,2,16,7,6,"368,556"
2012,41100307,2,2,4,0,14,8,4,"193,395,534,550,684"
2012,41100307,3,7,4,1,22,6,2,"288,490"
2012,41100307,4,9,3,0,18,6,1,"220,266,466,517,602,637"
2012,41100401,1,5,2,1,21,2,1,"338,556"
2012,41100401,2,7,2,1,22,2,3,"182,310,532,693"
2012,41100401,3,6,1,1,18,7,3,"256,565,621"
2012,41100401,4,6,4,1,17,7,3,"109,423,556,667,676,691"
2012,41100402,1,8,0,0,22,7,1,"324,589"
2012,41100402,2,5,2,0,22,4,4,"227,394,591"
2012,41100402,3,5,6,1,18,6,3,"380,461"
2012,41100402,4,4,4,1,14,8,5,"220,448,613,667,672,708,713"
2012,41100403,1,8,0,0,22,4,1,"287,535"
2012,41100403,2,5,3,1,22,7,1,"184,350,556"
2012,41100403,3,6,0,1,14,14,2,"245,527"
2012,41100403,4,4,5,2,16,10,8,"188,361,496,630,641,704,707"
2012,41100404,1,7,0,0,23,5,3,"231,541"
2012,41100404,2,3,0,2,20,1,2,"100,297,584"
2012,41100404,3,4,6,0,16,13,0,"293,518"
2012,41100404,4,6,2,1,20,6,4,"184,313,405,582,665,676,707"
2012,41100405,1,4,2,0,19,6,3,"364,503"
2012,41100405,2,5,2,2,21,4,3,"148,280,374,490,600"
2012,41100405,3,4,2,3,19,10,4,"148,279,486"
2012,41100405,4,6,3,1,18,13,3,"147,249,436"
2013,41200101,1,5,2,1,17,4,6,"326,523"
2013,41200101,2,1,4,2,15,13,5,"181,365,608"
2013,41200101,3,2,3,1,20,5,3,"286,499"
2013,41200101,4,3,2,1,16,11,5,"269,406,587"
2013,41200102,1,4,4,1,17,8,6,"428,599"
2013,41200102,2,2,2,1,19,3,3,"196,378,582,706"
2013,41200102,3,4,0,2,19,4,4,"303,529"
2013,41200102,4,4,2,0,23,11,1,"143,301,582"
2013,41200103,1,6,2,1,23,2,3,"395,557"
2013,41200103,2,1,0,2,19,5,7,"244,448,546,698"
2013,41200103,3,6,2,2,19,14,4,"286,560"
2013,41200103,4,1,0,0,18,4,5,"205,410,628"
2013,41200104,1,6,0,1,21,4,1,"344,535"
2013,41200104,2,3,4,2,16,8,6,"187,376,546"
2013,41200104,3,8,2,2,20,4,5,"419,547"
2013,41200104,4,3,1,0,16,3,1,"215,426,568"
2013,41200201,1,3,0,2,19,6,4,"369,610,640"
2013,41200201,2,3,0,0,20,5,1,"192,371,607"
2013,41200201,3,3,2,0,20,4,2,"384,556"
2013,41200201,4,8,7,0,19,10,1,"162,297,542,642,675,696"
2013,41200202,1,6,0,2,18,2,3,"396,528"
2013,41200202,2,3,8,1,15,15,4,"205,416,575"
2013,41200202,3,3,0,0,22,5,1,"334,532"
2013,41200202,4,0,0,0,15,7,9,"212,392,563"
2013,41200203,1,5,0,0,18,2,3,"475,553"
2013,41200203,2,1,4,0,19,9,2,"44,189,404,600"
2013,41200203,3,6,0,0,16,4,5,"361,559"
2013,41200203,4,5,7,1,17,15,2,"205,394,521,612,645,689"
2013,41200204,1,5,0,0,17,1,2,"207,395,549"
2013,41200204,2,5,3,4,17,4,7,"184,292,552,703"
2013,41200204,3,5,0,0,20,2,4,"256,561"
2013,41200204,4,5,6,1,14,14,3,"182,374,555"
2013,41200205,1,3,6,0,18,9,2,"102,445,548"
2013,41200205,2,1,0,1,20,4,5,"169,379,567"
2013,41200205,3,6,3,1,16,9,2,"277,557"
2013,41200205,4,4,6,0,16,11,1,"120,370,593"
2013,41200301,1,6,2,2,19,2,6,"399,553"
2013,41200301,2,1,0,1,14,4,7,"94,366,586,711,717"
2013,41200301,3,5,2,0,21,11,2,"216,516"
2013,41200301,4,9,3,0,22,5,3,"217,280,564,670,686,702,703,709,720"
2013,41200301,5,3,0,1,10,3,2,"175,251,276,290,298"
2013,41200302,1,7,2,1,17,3,5,"362,442"
2013,41200302,2,1,4,1,18,17,3,"196,332,517,713"
2013,41200302,3,7,0,1,20,3,2,"291,505,702"
2013,41200302,4,5,1,2,18,3,4,"210,351,508,672,703,712,719"
2013,41200303,1,5,2,0,20,6,1,"397,547"
2013,41200303,2,6,2,0,23,8,0,"182,335,579,688,707"
2013,41200303,3,4,0,0,17,5,3,"259,451"
2013,41200303,4,2,2,0,17,9,1,"146,249,542"
2013,41200304,1,6,6,0,20,10,1,"128,444"
2013,41200304,2,4,0,0,18,7,2,"188,391,548,706"
2013,41200304,3,3,0,1,20,5,1,"265,385"
2013,41200304,4,5,0,1,19,5,2,"128,198,360,512,588,684,694,695"
2013,41200305,1,4,0,3,19,2,4,"425,541"
2013,41200305,2,5,0,0,21,2,2,"192,363,586,698"
2013,41200305,3,10,2,0,18,4,1,"143,489,557,608"
2013,41200305,4,7,2,0,17,4,3,"79,235,543"
2013,41200306,1,7,0,1,20,1,3,"374,556"
2013,41200306,2,7,0,0,23,0,2,"210,396,554"
2013,41200306,3,3,4,2,16,8,6,"191,372"
2013,41200306,4,4,4,1,13,10,2,"166,415,485"
2013,41200307,1,5,2,0,28,4,2,"294,464"
2013,41200307,2,4,6,0,18,9,2,"181,367,544,703"
2013,41200307,3,5,4,2,18,11,3,"381,433,612"
2013,41200307,4,3,4,0,13,14,3,"182,390,496"
2013,41200401,1,4,2,1,17,6,2,"124,412"
2013,41200401,2,5,0,0,23,4,0,"130,312,451,570,697"
2013,41200401,3,3,0,0,20,0,2,"290,391"
2013,41200401,4,4,2,1,18,7,4,"179,361,510,662,715"
2013,41200402,1,4,0,0,19,3,2,"329,557"
2013,41200402,2,3,0,0,22,2,1,"197,360,605"
2013,41200402,3,6,2,2,21,7,2,"257,529"
2013,41200402,4,4,0,0,21,2,1,"169,257,422"
2013,41200403,1,2,0,0,21,2,2,"331,472"
2013,41200403,2,6,0,1,17,6,4,"173,315,445,576"
2013,41200403,3,9,0,1,18,0,7,"219,413,504,546"
2013,41200403,4,4,0,0,20,2,3,"87,253,501"
2013,41200404,1,6,2,0,18,8,2,"290,412"
2013,41200404,2,5,0,1,22,2,2,"188,361,417,710"
2013,41200404,3,9,2,0,25,5,1,"317,484"
2013,41200404,4,5,0,0,20,2,4,"194,356,485,585"
2013,41200405,1,5,2,1,20,6,3,"317,494,661"
2013,41200405,2,6,2,0,25,5,1,"181,270,375,716"
2013,41200405,3,6,4,0,21,5,4,"141,411,487"
2013,41200405,4,5,1,2,20,7,5,"89,149,277,577,654"
2013,41200406,1,3,2,0,22,2,3,"286,364,619"
2013,41200406,2,6,2,1,19,4,3,"194,361,553"
2013,41200406,3,3,6,1,16,6,3,"345,413,453"
2013,41200406,4,11,2,3,17,6,4,"96,357,392,543,613,662,692,700"
2013,41200406,5,3,0,1,7,3,2,"221,245,260,299"
2013,41200407,1,4,2,1,19,2,4,"342,588"
2013,41200407,2,7,1,0,25,1,4,"125,320,538,547"
2013,41200407,3,6,2,1,18,4,4,"238,312,564"
2013,41200407,4,6,3,0,20,9,4,"206,383,534,681,693"
2014,41300111,1,3,6,0,18,6,2,"294,590"
2014,41300111,2,3,2,0,19,10,2,"281,361,492"
2014,41300111,3,5,0,2,18,4,2,"119,648"
2014,41300111,4,5,2,1,21,6,1,"151,310,416,537"
2014,41300112,1,6,4,0,21,6,3,"390,518"
2014,41300112,2,3,0,2,16,5,5,"98,279,574"
2014,41300112,3,5,2,1,16,6,3,"358,666"
2014,41300112,4,3,6,1,14,12,6,"180,391,504,618,700,710"
2014,41300113,1,7,1,0,22,7,2,"388,510,541"
2014,41300113,2,1,7,2,19,7,3,"196,399,563"
2014,41300113,3,8,0,0,20,2,1,"212,481,615"
2014,41300113,4,2,2,0,22,4,0,"107,328,560"
2014,41300114,1,2,6,0,20,11,2,"366,540"
2014,41300114,2,3,2,1,21,9,3,"189,407,549"
2014,41300114,3,5,0,1,21,1,2,"197,429,619"
2014,41300114,4,9,4,0,16,8,1,"238,388,462,535"
2014,41300211,1,4,0,1,19,0,3,"369,546"
2014,41300211,2,4,0,0,20,6,2,"261,378,579"
2014,41300211,3,3,2,0,17,7,1,"330,455,543"
2014,41300211,4,4,0,0,18,3,4,"183,370,571"
2014,41300212,1,3,2,0,18,4,3,"385,550"
2014,41300212,2,4,0,1,18,2,2,"218,350,511"
2014,41300212,3,4,4,0,19,8,0,"366,536"
2014,41300212,4,7,0,1,16,4,3,"186,345,412,601"
2014,41300213,1,7,2,1,17,6,5,"408,544"
2014,41300213,2,1,2,0,15,8,3,"188,340,542,718"
2014,41300213,3,5,4,1,19,4,1,"346,571"
2014,41300213,4,2,2,0,17,7,1,"196,412,577,662"
2014,41300214,1,7,4,1,20,4,2,"408,508"
2014,41300214,2,6,4,0,18,4,1,"170,272,385,543"
2014,41300214,3,7,7,0,16,9,1,"299,472"
2014,41300214,4,4,4,0,16,10,4,"100,400,530,645,705,710,715"
2014,41300215,1,6,3,1,20,9,2,"361,550"
2014,41300215,2,1,2,2,21,4,3,"264,386,548,682,691"
2014,41300215,3,4,2,2,13,6,5,"252,424"
2014,41300215,4,3,10,0,13,12,0,"190,229,561,677,688,698,699,710,711"
2014,41300301,1,7,1,3,19,3,4,"345,540"
2014,41300301,2,2,0,0,19,5,2,"188,344,499,691"
2014,41300301,3,7,0,0,20,2,2,"276,386,530"
2014,41300301,4,2,1,1,20,5,3,"202,413,591"
2014,41300302,1,4,0,0,20,2,1,"405,570"
2014,41300302,2,3,2,1,12,12,3,"205,384,537,652"
2014,41300302,3,4,0,1,18,0,5,"283,543"
2014,41300302,4,7,4,1,17,4,2,"268,310,523,609,699,709,712"
2014,41300303,1,4,0,2,16,2,7,"380,498,545"
2014,41300303,2,3,3,2,15,5,4,"203,346,475,707"
2014,41300303,3,4,6,2,15,11,3,"264,470"
2014,41300303,4,3,0,0,22,2,1,"203,362,550"
2014,41300304,1,7,0,0,20,7,0,"197,448,512"
2014,41300304,2,3,1,1,17,5,3,"306,403,541"
2014,41300304,3,7,2,1,14,13,1,"271,407,645"
2014,41300304,4,4,1,0,18,9,1,"142,351,541,638"
2014,41300305,1,5,0,0,19,0,3,"402,557"
2014,41300305,2,0,0,1,17,3,5,"158,357,612,705"
2014,41300305,3,0,0,1,17,2,6,"168,399,476"
2014,41300305,4,5,3,1,22,3,3,"187,321,546,674,704,708"
2014,41300306,1,7,1,1,22,1,2,"378,533"
2014,41300306,2,1,2,0,20,4,1,"153,287,391,485"
2014,41300306,3,4,6,1,15,15,3,"206,502,548"
2014,41300306,4,0,0,0,19,1,3,"239,447,545"
2014,41300401,1,7,2,1,22,2,4,"301,408"
2014,41300401,2,2,2,1,18,6,3,"214,314,399,619"
2014,41300401,3,5,2,2,22,2,5,"145,297,487"
2014,41300401,4,3,0,0,16,1,4,"142,269,447,646"
2014,41300402,1,4,0,3,17,4,5,"337,494,716"
2014,41300402,2,7,1,1,20,6,5,"141,285,553"
2014,41300402,3,7,0,0,17,6,2,"334,430"
2014,41300402,4,4,4,0,16,5,1,"189,390,575,711"
2014,41300403,1,6,3,0,19,4,3,"278,502"
2014,41300403,2,3,0,2,15,3,7,"128,232,418,628,698"
2014,41300403,3,1,0,2,15,11,4,"46,351"
2014,41300403,4,4,0,3,13,6,6,"186,380,624"
2014,41300404,1,4,0,1,20,4,3,"308,421"
2014,41300404,2,3,2,1,14,8,4,"197,333,400,624"
2014,41300404,3,8,4,1,17,4,4,"246,381,492"
2014,41300404,4,2,0,0,20,4,2,"175,263,416,502,557"
2014,41300405,1,7,5,0,19,7,3,"199,453"
2014,41300405,2,5,2,1,15,4,4,"206,359,507,606"
2014,41300405,3,5,2,0,18,6,3,"226,325,419,472"
2014,41300405,4,4,0,0,23,10,0,"175,330,588"
2015,41400111,1,2,4,0,23,10,1,"361,521"
2015,41400111,2,6,0,1,26,4,3,"210,389,628"
2015,41400111,3,3,0,2,18,8,5,"211,495"
2015,41400111,4,7,0,2,15,11,3,"192,353,566,586"
2015,41400112,1,3,0,3,21,2,5,"380,566"
2015,41400112,2,5,4,0,18,7,3,"242,364,524"
2015,41400112,3,5,0,0,22,9,3,"234,587"
2015,41400112,4,10,4,3,16,8,7,"194,395,570,681"
2015,41400113,1,7,0,0,21,13,1,"296,618,719"
2015,41400113,2,7,2,0,22,6,5,"204,340,547"
2015,41400113,3,6,1,1,21,1,4,"368,562"
2015,41400113,4,6,2,1,20,4,1,"183,388,536,648,694"
2015,41400114,1,4,2,0,22,8,0,"98,398"
2015,41400114,2,8,6,2,21,13,3,"198,324,425,578"
2015,41400114,3,7,0,1,20,6,2,"355,576"
2015,41400114,4,5,2,3,15,16,3,"180,357,553,650,660,672,697"
2015,41400211,1,4,0,1,20,5,1,"251,557"
2015,41400211,2,7,0,1,21,5,2,"200,344,627,666"
2015,41400211,3,6,2,2,19,4,4,"286,490,558"
2015,41400211,4,5,0,2,21,5,2,"183,399,592,690,711"
2015,41400212,1,7,5,1,20,9,3,"274,589"
2015,41400212,2,11,0,0,27,4,0,"268,407,524,673"
2015,41400212,3,9,0,1,19,5,4,"242,569"
2015,41400212,4,2,4,0,17,11,1,"193,368,444"
2015,41400213,1,5,2,2,21,2,3,"357,560"
2015,41400213,2,9,2,2,21,4,3,"189,414,561,692"
2015,41400213,3,5,3,1,21,7,2,"269,412,553"
2015,41400213,4,6,4,2,19,6,3,"215,301,585,668,679,687,717"
2015,41400214,1,8,0,4,21,2,6,"369,517"
2015,41400214,2,5,2,0,17,14,2,"171,351,565,699"
2015,41400214,3,9,0,1,20,2,3,"362,504"
2015,41400214,4,8,2,3,17,6,4,"186,321,477,647,679,699,702"
2015,41400215,1,4,2,0,22,2,3,"147,583"
2015,41400215,2,8,3,0,21,6,2,"198,367,543"
2015,41400215,3,6,3,0,20,4,3,"143,372"
2015,41400215,4,6,4,0,16,13,3,"205,386,584,672,704,711"
2015,41400216,1,7,0,1,21,10,1,"247,545"
2015,41400216,2,4,0,2,19,5,5,"133,401,449,639"
2015,41400216,3,8,0,0,23,0,1,"407,535"
2015,41400216,4,4,2,1,16,5,4,"169,288,584"
2015,41400301,1,3,0,1,23,3,6,"385,545"
2015,41400301,2,9,0,1,21,1,3,"238,476,618,710"
2015,41400301,3,5,4,1,21,6,2,"206,460,493"
2015,41400301,4,9,4,1,19,10,1,"93,201,421,673,700"
2015,41400302,1,6,4,2,18,7,4,"312,545"
2015,41400302,2,4,0,0,18,8,3,"198,373,593"
2015,41400302,3,8,3,2,20,7,4,"205,453"
2015,41400302,4,4,4,0,20,4,1,"17,201,427,590"
2015,41400303,1,9,0,0,27,6,2,"281,539"
2015,41400303,2,7,4,1,20,10,3,"190,398,549,718"
2015,41400303,3,11,2,1,25,4,1,"315,577"
2015,41400303,4,5,4,3,16,8,6,"233,384,522,622,703"
2015,41400303,5,5,0,1,9,1,1,"145,264,288"
2015,41400304,1,6,2,0,24,3,3,"151,493"
2015,41400304,2,8,0,1,23,5,2,"216,365,501"
2015,41400304,3,6,2,0,22,12,3,"322,524,664"
2015,41400304,4,0,0,0,18,10,2,"211,360,599"
2015,41400401,1,9,4,1,23,8,3,"316,545"
2015,41400401,2,7,2,0,21,2,1,"183,334,467,702,717"
2015,41400401,3,9,4,1,20,6,3,"203,555"
2015,41400401,4,9,0,0,21,3,1,"193,331,547,644,689,696"
2015,41400401,5,4,0,2,9,0,3,"178,224"
2015,41400402,1,10,0,1,24,4,2,"381,528,697"
2015,41400402,2,3,6,2,17,12,4,"290,336,549,685"
2015,41400402,3,10,2,0,21,6,5,"308,586"
2015,41400402,4,8,6,0,19,12,2,"196,373,527,565,682,713"
2015,41400402,5,4,4,0,9,6,0,"103,187,229,271,290"
2015,41400403,1,10,0,2,23,1,3,"270,427"
2015,41400403,2,7,2,0,19,6,3,"157,389,556,705"
2015,41400403,3,9,2,0,18,2,3,"120,439"
2015,41400403,4,8,8,2,16,15,5,"128,330,489,620,669,691,693,702"
2015,41400404,1,5,0,1,24,0,2,"137,483"
2015,41400404,2,7,4,0,22,10,1,"140,378,447,544"
2015,41400404,3,8,6,0,24,8,3,"227,417,539"
2015,41400404,4,2,0,1,18,10,3,"108,369,534,592"
2015,41400405,1,7,2,1,21,4,4,"291,554"
2015,41400405,2,8,3,0,20,7,1,"196,365,384,569,717"
2015,41400405,3,6,2,1,19,6,2,"288,536"
2015,41400405,4,13,2,0,21,4,3,"157,313,557,598,602"
2015,41400406,1,6,0,2,15,6,6,"387,618"
2015,41400406,2,8,4,1,19,15,4,"184,429,503"
2015,41400406,3,7,4,2,20,8,4,"227,409,563,717"
2015,41400406,4,12,0,1,28,10,2,"107,350,464,610,665,684"
2016,41500101,1,7,0,0,24,0,1,"323,572"
2016,41500101,2,4,0,0,26,6,0,"238,353,600,671"
2016,41500101,3,3,0,0,23,0,1,"309,560"
2016,41500101,4,3,4,1,16,15,2,"56,157,332,565,685,709"
2016,41500102,1,3,0,1,20,0,3,"314,607"
2016,41500102,2,8,0,0,22,1,3,"61,215,374,549"
2016,41500102,3,4,0,3,21,4,3,"96,433,648"
2016,41500102,4,3,3,1,17,9,3,"91,256,481,543,619,647"
2016,41500103,1,6,0,1,19,4,3,"419,579"
2016,41500103,2,5,2,1,19,4,2,"189,318,568"
2016,41500103,3,6,0,1,25,2,1,"343,427"
2016,41500103,4,7,3,2,17,5,4,"199,341,552,652,675,677,687,700"
2016,41500104,1,5,1,0,23,9,1,"165,426"
2016,41500104,2,5,2,1,21,2,1,"197,374,572"
2016,41500104,3,4,0,0,22,4,2,"176,463"
2016,41500104,4,5,0,1,20,2,1,"176,360,448,601,642,678,688"
2016,41500201,1,4,0,0,24,2,0,"259,431"
2016,41500201,2,6,0,1,21,0,1,"211,429,533,713"
2016,41500201,3,5,0,1,21,2,4,"133,424,548"
2016,41500201,4,6,1,2,17,17,3,"189,397,510,620,655"
2016,41500202,1,4,0,1,25,6,3,"330,534,547"
2016,41500202,2,5,2,0,23,4,1,"177,401,536"
2016,41500202,3,6,7,1,21,13,1,"273,556,627"
2016,41500202,4,0,0,0,18,0,3,"194,364,501"
2016,41500203,1,4,2,2,21,8,5,"97,319,477"
2016,41500203,2,5,0,1,24,4,6,"220,342,488"
2016,41500203,3,3,3,2,19,9,7,"191,355"
2016,41500203,4,4,4,0,21,6,0,"202,364,534,636"
2016,41500204,1,5,1,3,22,3,5,"149,349"
2016,41500204,2,2,0,0,20,6,3,"234,389,454"
2016,41500204,3,7,2,1,23,4,2,"194,473"
2016,41500204,4,9,0,2,23,0,5,"51,145,512,629,644,667,681"
2016,41500301,1,4,0,1,19,6,3,"319,518"
2016,41500301,2,3,1,1,17,12,3,"82,307,542,677"
2016,41500301,3,6,3,2,19,9,5,"77,384"
2016,41500301,4,0,0,0,19,6,5,"183,381,610"
2016,41500302,1,1,4,1,18,6,1,"333,531"
2016,41500302,2,6,9,0,22,15,2,"163,365,565,686,701"
2016,41500302,3,4,2,1,17,14,5,"193,279"
2016,41500302,4,2,2,0,19,2,1,"251,419,521"
2016,41500303,1,6,0,0,22,4,0,"260,615"
2016,41500303,2,4,2,1,21,4,1,"195,403,471"
2016,41500303,3,6,3,1,23,3,3,"379,464,560"
2016,41500303,4,1,2,0,13,5,5,"234,364,502,622"
2016,41500304,1,2,2,0,23,3,1,"277,452"
2016,41500304,2,7,2,0,18,4,4,"184,380,447,677"
2016,41500304,3,3,0,0,21,0,4,"112,481,617"
2016,41500304,4,4,2,1,21,2,1,"105,320,544,678,698,716"
2016,41500305,1,5,0,0,22,4,1,"242,459,657"
2016,41500305,2,7,1,0,18,8,4,"205,382,540,706"
2016,41500305,3,5,2,2,20,12,4,"395,553"
2016,41500305,4,0,0,0,17,0,7,"182,388,584"
2016,41500306,1,6,3,2,18,9,4,"333,458"
2016,41500306,2,9,0,1,20,2,4,"188,292,372,463,556"
2016,41500306,3,4,0,0,19,4,1,"368,545"
2016,41500306,4,3,4,0,17,6,1,"202,307,451"
2016,41500401,1,5,0,0,20,2,3,"274,370,614"
2016,41500401,2,4,4,1,22,9,4,"179,282,614"
2016,41500401,3,7,0,1,24,4,3,"123,237"
2016,41500401,4,5,0,2,18,5,5,"50,206,377,437,576,628"
2016,41500402,1,5,0,1,25,6,1,"366,543"
2016,41500402,2,7,4,3,20,6,4,"82,144,411,504"
2016,41500402,3,5,0,3,15,2,7,"115,362,432"
2016,41500402,4,0,0,0,19,10,5,"108,292,590"
2016,41500403,1,4,0,1,22,0,3,"150,462"
2016,41500403,2,10,2,1,27,5,3,"100,304,371,551"
2016,41500403,3,6,2,2,20,6,4,"167,371,526"
2016,41500403,4,6,1,1,23,6,3,"207,367,442"
2016,41500404,1,2,0,1,22,6,1,"294,574"
2016,41500404,2,4,2,3,21,9,3,"222,361,463"
2016,41500404,3,6,0,1,17,5,3,"229,473,576"
2016,41500404,4,9,2,2,21,6,4,"177,364,467,611,666,675,676"
2016,41500405,1,7,4,1,20,9,8,"204,528,616,711"
2016,41500405,2,11,1,0,27,1,3,"74,411,495"
2016,41500405,3,5,2,0,18,11,3,"113,489"
2016,41500405,4,7,1,1,19,2,2,"57,270,439,585,608"
2016,41500406,1,5,2,0,21,8,0,"189,487"
2016,41500406,2,5,0,1,15,11,4,"186,378,440,522,582"
2016,41500406,3,8,2,0,20,6,4,"307,442"
2016,41500406,4,9,4,0,21,7,2,"79,300,448"
2016,41500407,1,5,2,3,21,6,4,"302,571"
2016,41500407,2,6,1,1,21,5,4,"216,377,481,573"
2016,41500407,3,5,2,0,21,9,1,"187,262,447,604"
2016,41500407,4,8,5,1,19,5,2,"175,344,550,651,710"
2017,41600111,1,2,2,2,20,9,4,"383,517,638"
2017,41600111,2,4,3,0,21,10,2,"184,369,546"
2017,41600111,3,7,0,1,19,2,4,"345,506,589"
2017,41600111,4,7,4,0,19,6,1,"176,247,454,643,700"
2017,41600112,1,5,0,2,21,3,6,"179,551"
2017,41600112,2,5,4,4,19,4,5,"200,413,580"
2017,41600112,3,4,0,2,18,8,4,"95,437,658"
2017,41600112,4,6,2,0,18,8,3,"112,383,526,550,691,702,703"
2017,41600113,1,4,0,1,25,2,5,"364,558"
2017,41600113,2,7,2,2,24,4,3,"212,366,520,715"
2017,41600113,3,7,4,0,22,9,0,"250,444"
2017,41600113,4,9,8,0,16,15,0,"156,284,425,550,666,671,684,703"
2017,41600114,1,6,3,2,23,5,4,"362,555,635"
2017,41600114,2,9,3,0,23,10,1,"245,413,582,605"
2017,41600114,3,4,0,2,23,5,5,"221,434"
2017,41600114,4,6,3,0,21,7,3,"185,334,463,545,629,701"
2017,41600211,1,4,0,0,21,5,3,"168,442"
2017,41600211,2,7,3,0,31,5,0,"164,293,362,546,684"
2017,41600211,3,5,5,0,18,15,1,"151,364"
2017,41600211,4,7,0,3,16,4,8,"96,347,522"
2017,41600212,1,2,2,2,17,6,6,"366,566"
2017,41600212,2,7,6,1,21,6,4,"135,271,488,554,682"
2017,41600212,3,5,8,0,19,16,2,"27,188,379,560"
2017,41600212,4,0,5,0,18,6,4,"186,411,620"
2017,41600213,1,4,2,2,19,7,4,"351,529"
2017,41600213,2,5,4,2,22,4,4,"222,363,555"
2017,41600213,3,5,2,0,21,6,3,"345,541"
2017,41600213,4,2,8,1,14,11,5,"112,373,513,619"
2017,41600214,1,6,1,1,24,1,1,"346,541"
2017,41600214,2,3,2,2,23,2,4,"184,233,359,494,584"
2017,41600214,3,6,2,2,20,3,4,"301,436,563"
2017,41600214,4,7,4,1,15,10,1,"200,366,480,557,627,695"
2017,41600301,1,8,2,1,22,5,4,"356,546"
2017,41600301,2,7,2,0,17,12,3,"113,403,542,716"
2017,41600301,3,4,0,0,23,5,0,"219,338,616"
2017,41600301,4,5,7,1,19,13,1,"190,445,534"
2017,41600302,1,4,2,0,20,5,3,"325,458"
2017,41600302,2,10,2,0,24,8,2,"148,307,489,564"
2017,41600302,3,4,0,1,19,8,4,"297,586"
2017,41600302,4,0,0,0,22,2,3,"216,372,644"
2017,41600303,1,3,2,2,17,5,5,"277,558"
2017,41600303,2,2,2,1,18,8,4,"192,401,558,699"
2017,41600303,3,5,2,1,18,15,1,"321,413"
2017,41600303,4,3,0,2,17,8,5,"184,387,519,666,684,690,710"
2017,41600304,1,7,0,0,19,6,4,"278,463"
2017,41600304,2,2,0,3,17,2,5,"168,375,561"
2017,41600304,3,7,4,2,21,7,4,"197,546,644"
2017,41600304,4,11,0,0,17,2,1,"216,341,525,641"
2017,41600305,1,5,2,0,25,8,1,"232,482,573,604"
2017,41600305,2,3,6,2,17,13,6,"213,413,541"
2017,41600305,3,10,0,0,23,0,2,"322,548"
2017,41600305,4,0,0,0,20,3,2,"229,367,556"
2017,41600401,1,5,8,1,22,10,2,"317,570"
2017,41600401,2,3,2,6,21,3,10,"206,338,525,699"
2017,41600401,3,8,2,0,25,4,4,"134,338"
2017,41600401,4,4,0,1,18,8,4,"183,353,474"
2017,41600402,1,7,3,2,25,7,5,"253,401"
2017,41600402,2,5,0,1,25,6,2,"123,266,401,534"
2017,41600402,3,5,2,1,26,4,2,"186,378,432"
2017,41600402,4,1,0,0,24,2,0,"158,283,384,531"
2017,41600403,1,8,1,2,20,7,5,"298,372,542"
2017,41600403,2,6,2,1,21,10,4,"184,305,517"
2017,41600403,3,7,1,1,26,3,1,"149,335"
2017,41600403,4,6,2,1,23,5,2,"207,330,440,497,636,645,708"
2017,41600404,1,5,7,1,24,22,1,"158,393"
2017,41600404,2,6,3,0,22,4,3,"201,382,514"
2017,41600404,3,6,0,1,18,3,4,"45,551"
2017,41600404,4,5,0,0,23,2,3,"65,198,444,584"
2017,41600405,1,9,3,2,24,7,6,"198,433"
2017,41600405,2,6,0,0,21,3,5,"107,242,440,545"
2017,41600405,3,5,1,0,20,9,1,"247,526"
2017,41600405,4,10,0,0,23,4,2,"190,258,419,511"
2018,41700131,1,3,2,2,20,4,6,"347,517"
2018,41700131,2,7,5,0,21,7,2,"193,244"
2018,41700131,3,4,5,1,19,7,6,"52,503"
2018,41700131,4,3,2,0,18,2,2,"91,237,370,514,601"
2018,41700132,1,12,1,1,21,1,4,"78,345,552"
2018,41700132,2,4,4,0,20,7,2,"320,468"
2018,41700132,3,3,2,0,16,2,6,"325,517"
2018,41700132,4,5,6,2,16,12,3,"190,315,497,573,684,698,701"
2018,41700133,1,6,3,2,18,11,4,"397,543"
2018,41700133,2,4,0,1,21,2,2,"275,560"
2018,41700133,3,6,1,1,19,1,7,"91,336,557"
2018,41700133,4,6,2,2,19,2,3,"262,380,499,667,683,707,713"
2018,41700134,1,6,1,0,21,6,2,"324,556"
2018,41700134,2,5,6,0,18,8,4,"187,418"
2018,41700134,3,3,2,1,21,6,3,"189,376,517"
2018,41700134,4,8,0,0,18,6,2,"348,442,642,697,705,706"
2018,41700135,1,7,2,2,22,4,4,"316,444"
2018,41700135,2,4,0,0,19,4,5,"296,563"
2018,41700135,3,8,9,0,20,15,1,"189,334,471"
2018,41700135,4,5,4,3,14,4,4,"243,442,507,687,694,717"
2018,41700136,1,5,2,1,20,2,5,"218,496"
2018,41700136,2,2,3,1,18,3,3,"314,587"
2018,41700136,3,9,0,2,21,2,3,"80,150,370,528"
2018,41700136,4,0,0,0,20,9,3,"266,471,595"
2018,41700137,1,5,3,0,22,7,0,"257,592"
2018,41700137,2,11,1,0,26,1,1,"126,353,502"
2018,41700137,3,5,7,2,12,13,7,"169,288"
2018,41700137,4,4,4,2,14,19,4,"139,447,670,690,697,703"
2018,41700201,1,5,2,1,23,4,3,"166,402"
2018,41700201,2,3,3,0,22,8,0,"324,539"
2018,41700201,3,7,1,0,26,3,1,"254,513"
2018,41700201,4,11,0,0,20,6,1,"234,462,528,573,702,720"
2018,41700201,5,4,0,0,11,0,0,"133,284,300"
2018,41700202,1,2,3,1,21,7,2,"302,544"
2018,41700202,2,7,4,0,23,8,0,"301,430"
2018,41700202,3,10,1,0,22,2,1,"103,250,483"
2018,41700202,4,9,0,0,18,6,0,"133,291,510,566"
2018,41700203,1,4,2,0,22,6,2,"234,368,581"
2018,41700203,2,8,1,2,20,5,3,"313,492,596"
2018,41700203,3,6,1,2,22,4,4,"171,384,584"
2018,41700203,4,8,7,0,16,10,1,"228,500,663,671,712"
2018,41700204,1,3,0,0,20,2,2,"322,548,648"
2018,41700204,2,4,2,1,22,4,1,"240,368,667"
2018,41700204,3,8,6,1,19,11,4,"197,372,674"
2018,41700204,4,4,0,0,23,3,3,"262,624"
2018,41700301,1,6,2,1,22,5,1,"301,504"
2018,41700301,2,2,0,2,25,1,3,"100,395,602"
2018,41700301,3,5,4,2,18,8,2,"306,563"
2018,41700301,4,3,0,2,21,6,3,"69,291"
2018,41700302,1,13,4,2,24,4,2,"314,595"
2018,41700302,2,2,4,2,17,8,5,"365,551"
2018,41700302,3,7,0,1,22,1,2,"195,474,621"
2018,41700302,4,7,2,1,17,4,6,"46,439,612"
2018,41700303,1,6,2,0,23,4,1,"312,584"
2018,41700303,2,2,4,1,18,8,4,"328,463,586"
2018,41700303,3,4,4,1,17,12,6,"308,548"
2018,41700303,4,0,0,1,18,6,3,"311,576"
2018,41700304,1,4,3,0,20,9,4,"382,535"
2018,41700304,2,7,4,2,19,8,4,"343,462,567"
2018,41700304,3,10,6,3,18,12,6,"130,541"
2018,41700304,4,7,0,2,24,0,4,"212,359,509,631"
2018,41700305,1,6,1,2,17,3,5,"311,502"
2018,41700305,2,5,0,0,20,7,1,"306,575"
2018,41700305,3,7,3,2,20,3,5,"218,604"
2018,41700305,4,4,0,2,17,6,4,"251,371"
2018,41700306,1,8,0,0,25,0,1,"302,496"
2018,41700306,2,9,6,1,23,9,2,"331,421,594"
2018,41700306,3,5,2,1,17,10,2,"282,588"
2018,41700306,4,11,3,1,22,3,4,"328,486,620"
2018,41700307,1,8,4,2,17,7,4,"221,542"
2018,41700307,2,4,2,3,18,3,3,"313,615"
2018,41700307,3,6,0,1,17,6,2,"280,545"
2018,41700307,4,6,5,2,14,9,3,"305,493,644"
2018,41700401,1,4,4,1,20,7,3,"310,393"
2018,41700401,2,7,2,1,22,4,4,"252,335"
2018,41700401,3,10,2,1,25,4,2,"178,394,645"
2018,41700401,4,7,1,2,23,5,2,"188,443,670,684"
2018,41700401,5,4,2,0,9,2,0,119
2018,41700402,1,4,5,1,23,8,3,"226,446,616"
2018,41700402,2,7,2,1,23,7,2,"168,349,527"
2018,41700402,3,5,0,3,21,7,4,"332,568"
2018,41700402,4,4,2,0,23,4,1,"109,229,405"
2018,41700403,1,4,0,1,26,0,4,"243,502"
2018,41700403,2,10,0,2,26,0,4,"160,320"
2018,41700403,3,7,1,0,20,7,1,"107,256,561"
2018,41700403,4,7,6,1,20,10,4,"355,521,671,695"
2018,41700404,1,6,2,1,25,8,2,"157,323,413"
2018,41700404,2,4,3,2,22,8,3,"301,550,705"
2018,41700404,3,2,4,2,17,4,5,"104,250,477"
2018,41700404,4,1,2,1,23,5,1,"293,553"
2020,41900141,1,6,1,0,30,8,2,"272,519,589"
2020,41900141,2,4,4,1,23,12,3,"88,213,424"
2020,41900141,3,5,0,2,22,5,2,"358,561"
2020,41900141,4,5,2,1,22,6,2,"120,238,528,704"
2020,41900142,1,3,0,2,25,1,3,"301,552"
2020,41900142,2,4,2,2,22,3,3,"295,495"
2020,41900142,3,3,0,2,24,4,4,"152,448,616"
2020,41900142,4,1,0,0,21,2,4,"320,492"
2020,41900143,1,3,4,3,17,15,5,"227,555"
2020,41900143,2,6,8,2,18,16,7,"288,504"
2020,41900143,3,3,3,1,25,6,1,"210,445,541"
2020,41900143,4,6,2,2,18,6,4,"146,285,515,624,670"
2020,41900144,1,2,4,0,19,16,2,"174,489"
2020,41900144,2,7,0,0,26,3,2,"247,545"
2020,41900144,3,3,4,2,22,8,5,"159,332"
2020,41900144,4,0,0,0,20,3,5,"185,522"
2020,41900145,1,7,2,1,23,5,6,"336,481,610"
2020,41900145,2,6,0,0,27,1,2,"264,510"
2020,41900145,3,2,0,2,19,13,4,"143,305"
2020,41900145,4,4,2,2,19,7,5,"136,410,484"
2020,41900221,1,3,1,1,20,3,4,"306,486"
2020,41900221,2,5,1,1,21,9,4,"132,496"
2020,41900221,3,4,3,2,21,4,5,"136,555,607"
2020,41900221,4,3,0,0,21,3,2,"173,285,504"
2020,41900222,1,3,0,2,24,1,4,"326,388,505"
2020,41900222,2,7,5,1,20,7,3,"81,271"
2020,41900222,3,3,3,2,20,8,5,"93,413,515,667"
2020,41900222,4,4,2,2,19,2,3,"132,323,688"
2020,41900223,1,7,2,1,21,5,4,"266,616"
2020,41900223,2,7,6,0,16,8,6,"261,445"
2020,41900223,3,5,0,1,21,6,2,"305,440"
2020,41900223,4,4,2,0,20,4,1,"153,271,412"
2020,41900224,1,4,0,1,18,6,5,"338,576,660"
2020,41900224,2,3,1,1,26,3,3,"267,564"
2020,41900224,3,2,2,0,25,7,3,"346,537"
2020,41900224,4,8,0,2,19,0,5,"172,258,390,539,686"
2020,41900225,1,6,2,2,18,2,5,"185,366"
2020,41900225,2,5,4,2,16,10,8,"101,340,563"
2020,41900225,3,5,0,0,22,5,2,"259,572"
2020,41900225,4,2,4,0,18,12,4,"312,450"
2020,41900311,1,3,0,1,22,8,2,"304,456"
2020,41900311,2,6,4,0,21,24,2,"78,335,603"
2020,41900311,3,1,0,0,23,3,1,"319,421"
2020,41900311,4,1,0,2,17,2,6,"232,319"
2020,41900312,1,7,0,1,25,4,5,"310,450,616"
2020,41900312,2,4,1,1,18,7,8,"177,393"
2020,41900312,3,3,2,2,19,5,6,"229,310"
2020,41900312,4,6,1,2,21,3,4,"340,537,656,694,700"
2020,41900313,1,5,0,2,20,5,4,"360,574"
2020,41900313,2,2,0,3,22,6,5,"72,187,275,506"
2020,41900313,3,8,2,0,20,3,4,"86,213"
2020,41900313,4,8,0,1,21,8,3,"84,197,262,487,667"
2020,41900314,1,5,4,0,26,6,1,"311,549"
2020,41900314,2,6,0,0,23,4,3,"179,273"
2020,41900314,3,3,2,0,18,8,2,"286,505"
2020,41900314,4,4,8,0,13,17,3,"316,386,483,661,689,697"
2020,41900315,1,2,0,1,21,8,3,"306,550"
2020,41900315,2,8,4,0,17,9,2,"191,446"
2020,41900315,3,5,2,0,20,4,4,"183,374"
2020,41900315,4,10,2,1,19,8,4,"251,349,500,603"
2020,41900401,1,1,2,1,20,6,4,"315,384,532"
2020,41900401,2,5,2,1,19,4,5,"270,351,512,708"
2020,41900401,3,5,2,0,24,11,0,"179,251,356,569"
2020,41900401,4,6,0,0,21,6,3,"126,462,637"
2020,41900402,1,4,0,0,25,1,5,"266,487"
2020,41900402,2,5,2,0,22,9,3,"239,501"
2020,41900402,3,5,3,0,23,7,1,"216,484"
2020,41900402,4,11,0,0,27,0,0,"251,444,528"
2020,41900403,1,2,7,4,13,10,10,"268,537"
2020,41900403,2,5,1,0,23,6,4,"180,355,453"
2020,41900403,3,4,0,0,23,8,0,"163,552"
2020,41900403,4,5,1,4,20,5,5,"185,440,647"
2020,41900404,1,1,2,3,18,2,7,"329,550"
2020,41900404,2,7,1,2,26,1,2,"127,358,620"
2020,41900404,3,3,2,1,18,6,4,"278,379"
2020,41900404,4,5,7,0,17,12,2,"194,262,490,561,681"
2020,41900405,1,4,0,0,23,1,2,"310,421,530,672"
2020,41900405,2,7,1,0,18,5,4,"158,355,597"
2020,41900405,3,3,2,1,20,8,3,"319,479"
2020,41900405,4,7,3,3,21,7,6,"175,342,674,699,704"
2020,41900406,1,5,1,0,22,3,3,"342,518"
2020,41900406,2,3,2,0,26,8,2,"120,343,612"
2020,41900406,3,6,1,0,20,1,4,"322,470"
2020,41900406,4,6,0,1,21,2,3,"203,466,633"
2021,42000151,1,4,0,0,21,6,2,"314,462"
2021,42000151,2,2,0,2,18,11,5,"161,388"
2021,42000151,3,3,2,2,20,4,6,"240,356,526"
2021,42000151,4,4,4,1,17,7,1,"209,398"
2021,42000152,1,6,1,1,26,7,3,"310,482"
2021,42000152,2,1,0,0,21,5,3,"222,548"
2021,42000152,3,4,0,0,17,7,1,"145,394,606"
2021,42000152,4,5,0,0,16,12,0,"299,500,644,679,715"
2021,42000153,1,3,0,2,22,1,4,"15,302,568"
2021,42000153,2,3,0,2,21,6,7,"315,454"
2021,42000153,3,7,0,2,23,9,3,"93,348,464"
2021,42000153,4,6,3,1,20,14,6,"146,326,464,657"
2021,42000154,1,6,0,2,24,2,4,"310,525"
2021,42000154,2,4,0,1,22,2,3,"98,276,413"
2021,42000154,3,3,2,2,16,12,6,"45,238"
2021,42000154,4,8,5,1,19,5,2,"315,465,637"
2021,42000155,1,7,0,2,22,3,2,"310,414"
2021,42000155,2,3,0,1,17,9,5,"83,278,522"
2021,42000155,3,9,0,0,22,2,5,"223,313,609"
2021,42000155,4,0,0,0,23,7,4,"309,544"
2021,42000156,1,5,0,0,21,0,3,"204,495,663"
2021,42000156,2,4,6,2,21,8,2,"210,546"
2021,42000156,3,10,0,0,27,4,0,"205,438"
2021,42000156,4,7,0,1,22,4,2,"318,690"
2023,42200151,1,4,0,0,30,4,0,"269,559"
2023,42200151,2,6,3,2,22,7,7,"162,262,645"
2023,42200151,3,5,1,2,23,1,3,"307,547"
2023,42200151,4,1,0,1,17,4,4,"272,394,442,630,690"
2023,42200152,1,4,2,1,22,5,5,"314,549"
2023,42200152,2,5,0,0,20,10,2,"264,386"
2023,42200152,3,7,2,0,23,6,2,"234,450"
2023,42200152,4,7,0,0,20,0,3,"175,489,512,690"
2023,42200153,1,6,0,1,27,5,3,"234,434,649"
2023,42200153,2,4,0,1,21,3,4,"306,416"
2023,42200153,3,5,2,0,22,14,3,"119,194,371,555"
2023,42200153,4,5,5,1,20,5,3,"68,304,373,621"
2023,42200154,1,2,2,0,21,6,4,"314,563"
2023,42200154,2,5,0,0,23,4,3,"181,201,304,338"
2023,42200154,3,2,4,0,19,10,3,"268,531"
2023,42200154,4,6,0,0,24,4,2,"139,462,714,720"
2023,42200154,5,3,1,1,7,7,3,"187,271,287"
2023,42200155,1,5,0,1,24,2,3,"359,593"
2023,42200155,2,4,4,4,20,8,7,"264,440"
2023,42200155,3,3,2,0,23,4,1,"102,360,559"
2023,42200155,4,5,0,0,25,6,2,"163,291,476,636"
2023,42200156,1,4,0,0,23,2,3,"289,554"
2023,42200156,2,5,1,1,19,6,5,"349,455,496"
2023,42200156,3,4,2,2,27,3,3,"99,258,535"
2023,42200156,4,0,0,0,22,4,2,"138,170"
2023,42200231,1,3,2,0,22,4,3,"209,481"
2023,42200231,2,6,0,2,22,13,3,"250,556"
2023,42200231,3,5,0,1,24,6,1,"289,493"
2023,42200231,4,10,2,1,24,6,1,"193,321,403,716,718"
2023,42200232,1,8,0,0,28,0,1,"335,542"
2023,42200232,2,5,0,0,22,4,6,"163,514,550"
2023,42200232,3,5,0,0,24,5,2,"254,417,717"
2023,42200232,4,0,0,0,20,8,0,"196,496"
2023,42200233,1,0,0,0,20,6,4,"382,475"
2023,42200233,2,5,6,0,20,15,2,"193,328,508,578"
2023,42200233,3,6,2,0,17,12,4,"153,375"
2023,42200233,4,0,0,0,23,4,2,"169,207,407"
2023,42200234,1,6,0,2,23,6,3,"134,602"
2023,42200234,2,5,0,0,23,3,3,"104,443,713"
2023,42200234,3,11,1,1,23,3,3,"183,293,523"
2023,42200234,4,3,4,0,17,8,5,"92,488,705,719"
2023,42200235,1,3,2,3,20,6,4,"272,464"
2023,42200235,2,7,2,0,20,4,4,"319,607"
2023,42200235,3,4,0,1,21,3,4,"170,470,569"
2023,42200235,4,3,0,0,26,2,2,"245,325,395,453,553,576"
2023,42200236,1,5,2,1,19,12,3,"261,440"
2023,42200236,2,2,4,0,18,9,1,"213,400"
2023,42200236,3,6,0,1,24,4,1,"229,419,578"
2023,42200236,4,1,5,0,14,17,1,"105,188,392,495"
2023,42200311,1,7,0,1,25,2,2,"286,577"
2023,42200311,2,1,2,0,23,4,1,"108,298"
2023,42200311,3,4,2,0,20,7,1,"147,355"
2023,42200311,4,4,7,2,16,13,3,"111,286,298,372,518,694,710"
2023,42200312,1,1,0,1,19,9,5,"376,484"
2023,42200312,2,8,2,1,22,7,1,"121,254,413"
2023,42200312,3,3,2,0,21,6,1,"215,369,566"
2023,42200312,4,7,0,1,20,4,5,"291,388,503,686"
2023,42200313,1,4,2,0,23,6,2,"352,579"
2023,42200313,2,4,0,1,16,10,6,"180,393"
2023,42200313,3,5,2,0,23,6,3,"237,276,402,466"
2023,42200313,4,6,3,1,22,7,1,"300,492,663"
2023,42200314,1,9,3,1,28,3,2,"207,532"
2023,42200314,2,4,2,0,17,14,0,"164,402"
2023,42200314,3,6,0,0,24,2,2,"166,441"
2023,42200314,4,6,2,0,17,7,2,"115,281,418,506,689,716"
2024,42300151,1,6,2,1,21,4,3,"319,545"
2024,42300151,2,4,0,2,22,4,3,"320,355,434"
2024,42300151,3,4,1,2,18,3,3,"243,524"
2024,42300151,4,2,2,2,18,8,3,"172,283,442,563"
2024,42300152,1,3,1,0,21,3,4,"323,518"
2024,42300152,2,3,3,1,20,3,4,"29,440"
2024,42300152,3,4,2,1,19,4,4,"120,313,442,681"
2024,42300152,4,9,1,0,18,3,2,"222,466,657"
2024,42300153,1,4,0,0,22,8,1,"110,356,649"
2024,42300153,2,5,0,1,22,2,2,"274,557"
2024,42300153,3,2,0,1,21,1,3,"115,154,339"
2024,42300153,4,9,2,1,25,6,1,"317,493,534,687"
2024,42300154,1,5,0,2,22,2,4,"340,439"
2024,42300154,2,5,0,1,25,3,2,"274,542"
2024,42300154,3,5,0,2,25,5,3,"303,453,599"
2024,42300154,4,8,2,1,20,8,2,"204,275,441,629,678,683"
2024,42300155,1,2,0,0,23,6,3,"145,278,358"
2024,42300155,2,6,1,0,22,5,2,"241,322,623"
2024,42300155,3,8,3,0,21,7,2,"67,188,551"
2024,42300155,4,5,3,1,18,9,1,"210,503,535"
2025,42400161,1,2,0,1,23,4,2,"346,401"
2025,42400161,2,8,2,1,16,8,3,"165,401"
2025,42400161,3,3,0,1,19,3,4,"112,447,597"
2025,42400161,4,5,0,1,25,1,4,"154,250,439,595"
2025,42400162,1,3,0,0,20,8,2,"319,523,691"
2025,42400162,2,6,2,0,16,5,4,"306,564"
2025,42400162,3,2,0,0,20,4,2,"260,360,536,552"
2025,42400162,4,8,2,2,19,3,4,"344,531"
2025,42400163,1,4,0,0,21,0,4,"139,567"
2025,42400163,2,8,5,0,21,11,3,"315,588"
2025,42400163,3,4,3,0,19,3,6,"305,549"
2025,42400163,4,5,2,1,17,6,3,"154,443,505,524,595,646,682"
2025,42400164,1,2,4,0,23,6,1,"307,540"
2025,42400164,2,3,10,2,17,10,6,"97,375,632"
2025,42400164,3,2,4,0,22,4,2,"168,493"
2025,42400164,4,2,0,1,18,5,1,"258,463,510,631,687,710"
2025,42400165,1,4,2,2,18,11,6,"350,522"
2025,42400165,2,5,1,1,18,5,4,"307,556"
2025,42400165,3,5,3,0,22,7,2,"123,278"
2025,42400165,4,7,0,0,20,2,3,"180,384,513,539,682"
